{
    "betas": [
        0.22947926819324493,
        -0.9051176905632019,
        0.035632792860269547,
        -0.18435262143611908,
        0.27002349495887756,
        -0.2710336744785309,
        0.31989315152168274,
        -0.03726113587617874,
        -0.08668113499879837,
        -0.22906740009784698
    ],
    "global_orient": [
        -0.04753100126981735,
        0.31790050864219666,
        -0.03108874522149563
    ],
    "body_pose": [
        -0.1783873587846756,
        0.1382015198469162,
        0.16492478549480438,
        0.09087368845939636,
        -0.04473847895860672,
        -0.1389680951833725,
        0.030018668621778488,
        0.030133258551359177,
        0.026426222175359726,
        0.3168345093727112,
        -0.06267973780632019,
        -0.07771321386098862,
        0.004977289121598005,
        -0.08198211342096329,
        -0.0003225589171051979,
        0.10387451201677322,
        0.08214603364467621,
        -0.041801679879426956,
        0.0009563753264956176,
        0.10043558478355408,
        -3.839868725208362e-07,
        0.09634312987327576,
        -0.19042259454727173,
        7.985329943949182e-07,
        0.08017051219940186,
        0.07847531139850616,
        0.03083362616598606,
        1.7537350913698901e-06,
        3.479761971902917e-07,
        9.32991440549813e-07,
        -1.6260049306993096e-08,
        -7.255457603605464e-07,
        -3.0304781262202596e-07,
        -0.18017271161079407,
        0.003956761676818132,
        0.040780454874038696,
        0.09938208013772964,
        0.138273686170578,
        0.003161572851240635,
        -0.052174415439367294,
        0.007683885749429464,
        0.01657705008983612,
        0.06793183088302612,
        -0.08744202554225922,
        -0.13145919144153595,
        0.25110894441604614,
        -0.2606284022331238,
        -0.8742373585700989,
        -0.06321525573730469,
        0.16902855038642883,
        0.6084791421890259,
        0.21829821169376373,
        -1.1527447700500488,
        -0.1483200341463089,
        -0.0014133637305349112,
        0.8652090430259705,
        -0.27469998598098755,
        0.5107718110084534,
        0.10005290806293488,
        0.37222903966903687,
        0.03019619546830654,
        0.44260576367378235,
        -0.9676706790924072
    ],
    "transl": [
        0.013997143134474754,
        1.633733868598938,
        -0.06705471128225327
    ],
    "left_hand_pose": [
        -0.2919546365737915,
        -0.10562536120414734,
        0.8733522891998291,
        -1.4907499551773071,
        1.570055365562439,
        0.3150986135005951,
        2.5562944412231445,
        -1.7249842882156372,
        0.06744811683893204,
        -1.7709002494812012,
        1.050447702407837,
        -0.8014174103736877
    ],
    "right_hand_pose": [
        -1.103776216506958,
        -0.5850931406021118,
        0.5524967908859253,
        -0.1977338045835495,
        -0.03441796451807022,
        -0.7327938079833984,
        0.20321746170520782,
        0.4128764569759369,
        -3.078680992126465,
        -0.4374394714832306,
        1.711998462677002,
        0.5022311806678772
    ],
    "jaw_pose": [
        0.008816459216177464,
        -0.009811937808990479,
        0.04539346694946289
    ],
    "leye_pose": [
        -0.3119910955429077,
        0.3974703252315521,
        0.10559738427400589
    ],
    "reye_pose": [
        -0.31971627473831177,
        0.12989699840545654,
        -0.5136002898216248
    ],
    "expression": [
        0.6559871435165405,
        -0.7879208326339722,
        -0.30573880672454834,
        -0.47971007227897644,
        -0.11516255885362625,
        -0.26699742674827576,
        -0.07933884859085083,
        0.7693889737129211,
        -0.15418338775634766,
        0.14343678951263428
    ]
}