{
    "betas": [
        1.5234882831573486,
        -0.3400169014930725,
        -0.3673071265220642,
        -0.28237974643707275,
        0.10773210227489471,
        -0.21801301836967468,
        0.017587795853614807,
        -0.09752718359231949,
        -0.14262501895427704,
        -0.10142795741558075
    ],
    "global_orient": [
        0.03899304196238518,
        -0.20205983519554138,
        -0.0492042638361454
    ],
    "body_pose": [
        -0.01778368465602398,
        0.04548041895031929,
        0.24804441630840302,
        -0.038637761026620865,
        -0.17182902991771698,
        -0.16996510326862335,
        0.03624153882265091,
        0.10596093535423279,
        0.06019376218318939,
        -7.02592806192115e-05,
        0.04414858669042587,
        0.05184365063905716,
        0.14627289772033691,
        0.0011346458923071623,
        0.0037799726705998182,
        -0.20807486772537231,
        0.033706169575452805,
        -0.07192124426364899,
        0.6703389286994934,
        0.05184543877840042,
        -3.404870540180127e-06,
        0.6578832268714905,
        0.050689294934272766,
        2.817112545017153e-06,
        -0.20446057617664337,
        -0.09342460334300995,
        0.03266511112451553,
        2.0302582015574444e-06,
        4.43197087918179e-08,
        -4.202532295494166e-07,
        -1.093948867492145e-06,
        5.557535018851922e-07,
        -5.396483402364538e-07,
        0.4049227237701416,
        -0.058887090533971786,
        -0.22758911550045013,
        -0.1298399567604065,
        -0.3382797837257385,
        0.5079019665718079,
        -0.09226375073194504,
        0.3803890645503998,
        -0.57453852891922,
        -0.06776930391788483,
        0.06964860111474991,
        0.1238773763179779,
        -0.35422635078430176,
        -0.3259880244731903,
        0.449849396944046,
        -0.23382900655269623,
        0.3031414747238159,
        -0.41590896248817444,
        -0.3179084062576294,
        -0.19608616828918457,
        -0.10720022022724152,
        -0.3211720287799835,
        0.30622124671936035,
        -0.02138226479291916,
        -0.70256507396698,
        0.01900535449385643,
        0.41876837611198425,
        -0.4152003526687622,
        -0.09116341918706894,
        -0.4096686840057373
    ],
    "transl": [
        -0.07530009001493454,
        1.6359955072402954,
        -0.06655292212963104
    ],
    "left_hand_pose": [
        -1.3891282081604004,
        1.2186530828475952,
        0.4397472143173218,
        -0.8647953271865845,
        2.9920146465301514,
        -5.960551738739014,
        -2.5664188861846924,
        0.28618907928466797,
        7.136368274688721,
        -6.3254804611206055,
        -0.9947124123573303,
        -0.14482524991035461
    ],
    "right_hand_pose": [
        -0.4796994626522064,
        -0.6180832982063293,
        0.7767755389213562,
        0.04262861609458923,
        -1.0771644115447998,
        -2.350989818572998,
        -0.4480738043785095,
        1.8149687051773071,
        -2.671776056289673,
        -0.17353583872318268,
        -1.425238847732544,
        -2.05509352684021
    ],
    "jaw_pose": [
        0.05182734876871109,
        -0.011174634099006653,
        -0.03327677398920059
    ],
    "leye_pose": [
        -0.4034826159477234,
        0.22200465202331543,
        -1.2105205059051514
    ],
    "reye_pose": [
        0.07106538116931915,
        -0.27984464168548584,
        -0.4094262421131134
    ],
    "expression": [
        1.4937397241592407,
        -0.12802715599536896,
        0.09601369500160217,
        0.6420773863792419,
        -0.7486096024513245,
        -0.49936443567276,
        -0.12078292667865753,
        0.36740392446517944,
        -0.21836520731449127,
        0.3492581844329834
    ]
}