{
    "betas": [
        1.8416138887405396,
        -0.49292027950286865,
        -0.062099359929561615,
        -0.2518405616283417,
        0.005131314508616924,
        0.030972737818956375,
        -0.2012457698583603,
        -0.11198019236326218,
        -0.09716791659593582,
        -0.33375072479248047
    ],
    "global_orient": [
        -0.11505892872810364,
        1.7453631162643433,
        -0.017071792855858803
    ],
    "body_pose": [
        -0.4315948784351349,
        -0.0014338681939989328,
        0.14010252058506012,
        -0.172618567943573,
        0.15521946549415588,
        -0.15652704238891602,
        0.3173787593841553,
        0.00214563705958426,
        -0.017465809360146523,
        0.4246140122413635,
        0.048390477895736694,
        0.043573882430791855,
        0.8044540286064148,
        -0.012312807142734528,
        0.07546423375606537,
        0.03330589085817337,
        0.056427471339702606,
        -0.01958264783024788,
        0.05771065130829811,
        0.08454474806785583,
        -4.805430648957554e-07,
        0.096120186150074,
        0.0317247211933136,
        1.4921687352398294e-06,
        -0.13200095295906067,
        0.007850084453821182,
        0.0017942448612302542,
        1.8449537719789078e-07,
        2.1913994885380816e-07,
        1.8494669973279088e-07,
        -1.969607183127664e-06,
        4.07866025398107e-07,
        1.3796322946291184e-06,
        0.16534343361854553,
        -0.04813166335225105,
        0.16662319004535675,
        0.21314512193202972,
        0.19945544004440308,
        0.1627172976732254,
        0.12948612868785858,
        -0.06684675067663193,
        -0.20142710208892822,
        0.08280825614929199,
        -0.022393370047211647,
        0.02212415263056755,
        0.29579800367355347,
        -0.021457910537719727,
        -0.5974218249320984,
        0.13175727427005768,
        -0.12393000721931458,
        0.9782846570014954,
        -0.10814344137907028,
        -1.7468010187149048,
        0.19408027827739716,
        0.06972178816795349,
        1.050417184829712,
        0.5201731324195862,
        -0.39308008551597595,
        -0.010709582827985287,
        -0.41765183210372925,
        0.08665118366479874,
        -0.24390944838523865,
        0.05488177761435509
    ],
    "transl": [
        -0.16477522253990173,
        1.500774621963501,
        0.04131515324115753
    ],
    "left_hand_pose": [
        -0.013529610820114613,
        -0.594688355922699,
        -0.4258670508861542,
        -0.06121889129281044,
        0.8036613464355469,
        1.343404769897461,
        -2.1105563640594482,
        -0.5061689019203186,
        -0.09058116376399994,
        -0.08613263815641403,
        -0.007206546608358622,
        -1.0195738077163696
    ],
    "right_hand_pose": [
        0.14644503593444824,
        0.0592527762055397,
        -0.23520347476005554,
        -0.14671045541763306,
        -0.00215105595998466,
        0.635323703289032,
        -0.9816237092018127,
        0.2389599233865738,
        -0.9440661668777466,
        -0.03565424308180809,
        -0.714152991771698,
        0.351055771112442
    ],
    "jaw_pose": [
        0.08372751623392105,
        -0.037866927683353424,
        0.02457931824028492
    ],
    "leye_pose": [
        -0.2754250764846802,
        0.5205392241477966,
        0.42461368441581726
    ],
    "reye_pose": [
        -0.5342637300491333,
        0.3363490104675293,
        -0.10211513936519623
    ],
    "expression": [
        1.2310866117477417,
        -0.07246097177267075,
        -0.09351390600204468,
        0.4711923599243164,
        -0.7182058691978455,
        -0.6728611588478088,
        0.07372382283210754,
        0.6283385753631592,
        -0.34365546703338623,
        0.033855415880680084
    ]
}