{
    "betas": [
        1.4134173393249512,
        -1.1227736473083496,
        0.5788388252258301,
        -0.173691064119339,
        0.3367505371570587,
        -0.43326640129089355,
        0.47823983430862427,
        -0.11676232516765594,
        -0.1301775723695755,
        -0.29586002230644226
    ],
    "global_orient": [
        0.06658495962619781,
        -0.9321260452270508,
        -0.04039222374558449
    ],
    "body_pose": [
        -0.5950066447257996,
        0.28657153248786926,
        0.3442457318305969,
        -0.6071761250495911,
        -0.24837327003479004,
        -0.195709228515625,
        0.2496604025363922,
        -0.060713768005371094,
        -0.016856972128152847,
        0.8575762510299683,
        -0.01193330716341734,
        -0.06689870357513428,
        0.9046090245246887,
        0.06358521431684494,
        0.0987342968583107,
        -0.12959018349647522,
        0.10460428148508072,
        -0.07051190733909607,
        -0.2838068902492523,
        0.13438653945922852,
        1.2037125998176634e-06,
        -0.26899853348731995,
        -0.12287105619907379,
        -4.869174290433875e-07,
        -0.1601688116788864,
        -0.025113074108958244,
        0.010409746319055557,
        -7.276041174009151e-07,
        -7.973921611892365e-08,
        -1.1494077511997602e-07,
        -1.1270215054537402e-06,
        -4.011415910554206e-08,
        2.3774052806402324e-06,
        -0.22061827778816223,
        0.09783091396093369,
        0.1525590717792511,
        -0.26122698187828064,
        -0.07045543193817139,
        0.40845373272895813,
        -0.28587448596954346,
        0.08190803974866867,
        -0.3109472393989563,
        -0.12571297585964203,
        -0.058525510132312775,
        -0.13098876178264618,
        -0.1314762681722641,
        -0.5587104558944702,
        -0.1489725112915039,
        -0.18462906777858734,
        0.42890146374702454,
        0.30950379371643066,
        -0.11890159547328949,
        -0.685620129108429,
        1.4270168542861938,
        -0.13391868770122528,
        0.7870917320251465,
        -1.4848028421401978,
        -0.22921408712863922,
        0.40513041615486145,
        1.0429004430770874,
        -0.2171461135149002,
        0.06711161136627197,
        -1.1031146049499512
    ],
    "transl": [
        -0.04193869233131409,
        1.4471369981765747,
        -0.004980547819286585
    ],
    "left_hand_pose": [
        -1.685986876487732,
        1.490185022354126,
        -1.2127246856689453,
        -2.6743874549865723,
        0.008624058216810226,
        0.45415225625038147,
        0.6777194142341614,
        0.33759328722953796,
        0.20501714944839478,
        -0.3971569538116455,
        0.12660978734493256,
        -1.6287269592285156
    ],
    "right_hand_pose": [
        -2.06793212890625,
        1.2320501804351807,
        -1.049559473991394,
        -3.0508806705474854,
        0.09532960504293442,
        0.6100648641586304,
        0.2833826243877411,
        0.23537206649780273,
        -0.23517931997776031,
        -0.1527542918920517,
        1.0746464729309082,
        -1.5170645713806152
    ],
    "jaw_pose": [
        0.03390723466873169,
        0.04427383467555046,
        -0.03311280161142349
    ],
    "leye_pose": [
        -0.7143324017524719,
        -0.10152291506528854,
        0.14097094535827637
    ],
    "reye_pose": [
        -0.5896975994110107,
        -0.3347269892692566,
        -0.37103697657585144
    ],
    "expression": [
        1.4310237169265747,
        -0.9956454038619995,
        0.18552576005458832,
        -0.24014519155025482,
        -0.1865602284669876,
        -0.051000047475099564,
        -0.36681854724884033,
        0.4928314685821533,
        -0.5464977025985718,
        -0.08300364017486572
    ]
}