{
    "betas": [
        0.26342934370040894,
        -0.8273541927337646,
        0.24022279679775238,
        -0.1266438364982605,
        0.22909487783908844,
        -0.2808222472667694,
        0.3139590620994568,
        -0.0046832808293402195,
        -0.020453820005059242,
        -0.23386742174625397
    ],
    "global_orient": [
        -0.03869743272662163,
        0.27987784147262573,
        -0.005052472464740276
    ],
    "body_pose": [
        0.0886739119887352,
        -0.06050768122076988,
        0.12816745042800903,
        0.1322462260723114,
        -0.09873736649751663,
        -0.1203688308596611,
        -0.09156937897205353,
        -0.015922311693429947,
        0.052504196763038635,
        -0.07928544282913208,
        0.04760003834962845,
        0.011320355348289013,
        -0.07722941786050797,
        -0.09529748558998108,
        0.009586572647094727,
        0.0845460370182991,
        0.011918960139155388,
        -0.08365069329738617,
        0.12380679696798325,
        0.198527991771698,
        -8.884444469003938e-07,
        0.09818695485591888,
        -0.0972997322678566,
        5.542879648601229e-07,
        0.1590796262025833,
        0.004889869596809149,
        0.0396345853805542,
        2.8933266094099963e-06,
        1.063217723640264e-06,
        1.3930201703260536e-06,
        8.691312700648268e-07,
        -8.734231755624933e-07,
        -3.6057340935258253e-07,
        0.032000113278627396,
        0.0264645516872406,
        0.05830635502934456,
        0.06776546686887741,
        0.16231665015220642,
        -0.007405675482004881,
        0.0184288639575243,
        -0.13098762929439545,
        0.10090450942516327,
        -0.05102529004216194,
        0.008477349765598774,
        -0.0419929139316082,
        0.05287542939186096,
        -0.06854869425296783,
        -1.2337932586669922,
        -0.023844439536333084,
        0.043058447539806366,
        1.1374491453170776,
        0.010195462964475155,
        -0.5623043179512024,
        -0.23582369089126587,
        0.06468641757965088,
        0.5370907783508301,
        0.1967417150735855,
        0.003252210095524788,
        0.06399059295654297,
        -0.0028381668962538242,
        -0.0007152276230044663,
        -0.09209536761045456,
        0.1731899529695511
    ],
    "transl": [
        -0.032793208956718445,
        1.6382838487625122,
        -0.04075178876519203
    ],
    "left_hand_pose": [
        -1.8762532472610474,
        2.4054951667785645,
        -1.4430161714553833,
        -3.286266803741455,
        1.6869018077850342,
        3.0255095958709717,
        -0.016457585617899895,
        -1.3695937395095825,
        -0.38559871912002563,
        -0.9923298358917236,
        0.852193295955658,
        -2.4308037757873535
    ],
    "right_hand_pose": [
        -2.5757992267608643,
        1.885799527168274,
        -1.563617467880249,
        -3.2817635536193848,
        1.3389612436294556,
        2.688373327255249,
        0.05200488120317459,
        -1.027171015739441,
        1.3265506029129028,
        -0.3596925735473633,
        2.738294839859009,
        -1.769982933998108
    ],
    "jaw_pose": [
        0.005757802631705999,
        0.0014972466742619872,
        0.038045696914196014
    ],
    "leye_pose": [
        -0.27254390716552734,
        0.1732981652021408,
        0.2972968518733978
    ],
    "reye_pose": [
        -0.27217361330986023,
        0.04221099615097046,
        -0.204661563038826
    ],
    "expression": [
        0.14474377036094666,
        -0.412956178188324,
        -0.032413531094789505,
        -0.184865340590477,
        -0.24863770604133606,
        -0.29369714856147766,
        -0.05071023479104042,
        0.5502232909202576,
        -0.0761309489607811,
        0.07615207880735397
    ]
}