{
    "betas": [
        -0.2062055766582489,
        -0.5139055252075195,
        -0.147633895277977,
        -0.2531752288341522,
        0.0763765200972557,
        -0.05638904124498367,
        0.06369378417730331,
        -0.15576507151126862,
        -0.15218007564544678,
        -0.20426788926124573
    ],
    "global_orient": [
        -0.16789765655994415,
        -1.8874603509902954,
        -0.2247270792722702
    ],
    "body_pose": [
        -0.05360722914338112,
        0.02746031992137432,
        0.06108790636062622,
        -0.01925702765583992,
        0.08367528766393661,
        -0.29986894130706787,
        0.015059927478432655,
        -0.11407909542322159,
        0.06758973002433777,
        0.6689254641532898,
        0.18002484738826752,
        -0.21081379055976868,
        0.7706322073936462,
        0.12534037232398987,
        -0.06801952421665192,
        0.040740661323070526,
        -0.07723606377840042,
        0.028510481119155884,
        -0.2248443216085434,
        0.379503458738327,
        1.7561490039952332e-06,
        0.3370075821876526,
        -0.11312516778707504,
        2.311411890332238e-06,
        0.0757238045334816,
        -0.05930589511990547,
        0.11312594264745712,
        -5.719525120184699e-07,
        1.403915234732267e-06,
        1.5331256690842565e-06,
        -3.1832769309403375e-06,
        -1.3684152690984774e-06,
        -6.381920911735506e-07,
        0.08401474356651306,
        0.5883674025535583,
        0.11421643942594528,
        -0.2891387939453125,
        -0.2914152145385742,
        0.1897895187139511,
        -0.018158329650759697,
        0.006920698564499617,
        0.025540843605995178,
        -0.15075545012950897,
        0.5613248944282532,
        -0.12111121416091919,
        -0.37484365701675415,
        -0.27799102663993835,
        0.09678297489881516,
        0.084169402718544,
        0.06491801887750626,
        0.344260036945343,
        -0.5452591776847839,
        -0.3040446937084198,
        0.0680621787905693,
        -0.08035393059253693,
        2.0952370166778564,
        0.477854460477829,
        -0.7638294100761414,
        -0.08162175863981247,
        0.14801417291164398,
        -0.10444917529821396,
        0.24603910744190216,
        0.2948368191719055
    ],
    "transl": [
        -0.1033492237329483,
        1.6102139949798584,
        0.1369740068912506
    ],
    "left_hand_pose": [
        -1.874543309211731,
        -0.415127694606781,
        -0.03263150155544281,
        -0.4108816087245941,
        0.5068700313568115,
        0.5497868657112122,
        1.430253028869629,
        -0.4819161295890808,
        -1.699270486831665,
        -0.8151516318321228,
        0.4240511357784271,
        0.3739238381385803
    ],
    "right_hand_pose": [
        -2.5832459926605225,
        1.1087383031845093,
        -0.20864364504814148,
        -2.610433578491211,
        0.5537324547767639,
        1.1626269817352295,
        0.6907874941825867,
        -0.48760858178138733,
        -0.2899145781993866,
        -0.4747169017791748,
        0.8918496966362,
        -1.2930030822753906
    ],
    "jaw_pose": [
        0.05236262455582619,
        0.015140931122004986,
        -0.026833349838852882
    ],
    "leye_pose": [
        -0.28512123227119446,
        -0.14782153069972992,
        0.18463757634162903
    ],
    "reye_pose": [
        0.10139662027359009,
        -0.3337850272655487,
        0.37915554642677307
    ],
    "expression": [
        -0.43610453605651855,
        -0.8635755181312561,
        0.30318281054496765,
        0.18267153203487396,
        -0.501819908618927,
        -0.21430213749408722,
        0.13279981911182404,
        0.21429097652435303,
        -0.2581580877304077,
        0.2682117819786072
    ]
}