{
    "betas": [
        0.6074391007423401,
        -1.198810338973999,
        -0.44641828536987305,
        -0.32214120030403137,
        0.21199843287467957,
        -0.10830748081207275,
        0.4354695975780487,
        -0.41921266913414,
        -0.2596108317375183,
        -0.24008190631866455
    ],
    "global_orient": [
        0.17984755337238312,
        0.03248092159628868,
        0.003880233271047473
    ],
    "body_pose": [
        0.01861000619828701,
        0.13669125735759735,
        -0.005598678719252348,
        -0.39183685183525085,
        -0.27069976925849915,
        0.14220841228961945,
        0.07267255336046219,
        -0.07826736569404602,
        0.017066868022084236,
        0.26685312390327454,
        -0.17340710759162903,
        0.05359246954321861,
        0.28432944416999817,
        0.09699315577745438,
        -0.06604510545730591,
        -0.07869871705770493,
        -0.031536027789115906,
        -0.027447344735264778,
        -0.15964606404304504,
        0.14746399223804474,
        1.3879506468583713e-06,
        -0.09586111456155777,
        -0.13878054916858673,
        -5.220058483246248e-06,
        -0.10759731382131577,
        -0.024761265143752098,
        0.042980361729860306,
        1.416948748556024e-06,
        -9.679428103481769e-08,
        1.0339520031266147e-06,
        7.827487102929354e-09,
        1.560149712531711e-06,
        -4.5062012077323743e-07,
        0.15790048241615295,
        0.01303164567798376,
        0.044652022421360016,
        -0.25043007731437683,
        -0.3449793756008148,
        0.33542901277542114,
        -0.30398139357566833,
        0.33139076828956604,
        -0.31731101870536804,
        -0.05762984976172447,
        0.012715192511677742,
        -0.0014103171415627003,
        -0.3377007842063904,
        -0.4814568758010864,
        0.3633667230606079,
        -0.4119129180908203,
        0.5397819876670837,
        -0.2982819378376007,
        -0.6647987365722656,
        -0.5442104339599609,
        0.19612964987754822,
        -0.5750076174736023,
        0.3380768597126007,
        -0.25903981924057007,
        -0.9274703860282898,
        -0.10553032904863358,
        0.36736559867858887,
        -0.9699115753173828,
        -0.03418717160820961,
        -0.24468836188316345
    ],
    "transl": [
        -0.02288985066115856,
        1.594862699508667,
        -0.07153444737195969
    ],
    "left_hand_pose": [
        -0.03818900138139725,
        0.17728273570537567,
        -0.21359862387180328,
        -0.37899520993232727,
        0.6021220088005066,
        0.8296240568161011,
        -0.10727432370185852,
        -0.7365160584449768,
        0.23244337737560272,
        -0.5913729071617126,
        -0.4638766646385193,
        -0.35478711128234863
    ],
    "right_hand_pose": [
        -0.1453300267457962,
        0.03460678830742836,
        0.223601296544075,
        -0.6129317879676819,
        0.5946115255355835,
        -0.19920212030410767,
        1.5041049718856812,
        -0.7823561429977417,
        0.0029151365160942078,
        -0.9592360854148865,
        0.5838456749916077,
        -1.0651711225509644
    ],
    "jaw_pose": [
        -0.015350179746747017,
        0.006423809099942446,
        -0.01650233380496502
    ],
    "leye_pose": [
        0.014053716324269772,
        0.3644533157348633,
        0.008124120533466339
    ],
    "reye_pose": [
        -0.18020804226398468,
        -0.0005253745475783944,
        -0.19574828445911407
    ],
    "expression": [
        0.20762722194194794,
        0.2197975069284439,
        0.06763634830713272,
        0.6812084913253784,
        -0.5401915311813354,
        -0.2863234877586365,
        -0.0013229515170678496,
        0.26174601912498474,
        -0.24547560513019562,
        0.2955605089664459
    ]
}