{
    "betas": [
        -0.38010215759277344,
        -0.2960403263568878,
        0.06033264845609665,
        -0.3022787272930145,
        0.05295860022306442,
        -0.14276240766048431,
        0.011149339377880096,
        -0.09477806091308594,
        -0.07704794406890869,
        -0.21319107711315155
    ],
    "global_orient": [
        0.0869477391242981,
        -0.42287421226501465,
        -0.00590154156088829
    ],
    "body_pose": [
        -0.008639378473162651,
        0.04214543476700783,
        0.0897437334060669,
        -0.07583847641944885,
        -0.017033234238624573,
        -0.06692276895046234,
        -0.029549458995461464,
        0.0031044946517795324,
        0.04960373789072037,
        -0.04902828484773636,
        -0.09048206359148026,
        -0.024708358570933342,
        -0.0020369738340377808,
        -0.02194848284125328,
        0.04000663757324219,
        -0.09251376986503601,
        0.022342968732118607,
        -0.006640158127993345,
        -0.004587228875607252,
        -0.019598551094532013,
        -4.946110948367277e-06,
        0.02359730750322342,
        -0.0593874491751194,
        2.2572046418645186e-06,
        0.0072260694578289986,
        0.008785567246377468,
        0.139745831489563,
        5.198338612899533e-07,
        -6.004926831337798e-07,
        -3.750706412120053e-07,
        -1.473238597782256e-07,
        -5.371499156581194e-08,
        -2.922107853464695e-07,
        0.16126833856105804,
        0.10117588937282562,
        -0.1075449213385582,
        -0.26946234703063965,
        0.055573780089616776,
        0.27334946393966675,
        0.036156680434942245,
        -0.19959069788455963,
        -0.046660251915454865,
        -0.08817653357982635,
        0.022180229425430298,
        0.08504951000213623,
        -0.35466131567955017,
        -0.12716567516326904,
        0.17970550060272217,
        -0.0754079818725586,
        -0.3259686827659607,
        0.8496606945991516,
        -0.7455151081085205,
        -0.8557838201522827,
        0.47055768966674805,
        -0.08461353927850723,
        0.1393769085407257,
        0.13994748890399933,
        -1.1472629308700562,
        -0.352113276720047,
        0.09069434553384781,
        -0.2380143105983734,
        0.2621864378452301,
        0.36375850439071655
    ],
    "transl": [
        -0.038432441651821136,
        1.6630362272262573,
        0.01622624881565571
    ],
    "left_hand_pose": [
        -3.0289483070373535,
        1.2440781593322754,
        0.3068673014640808,
        -3.441755533218384,
        -0.27337872982025146,
        -0.8359253406524658,
        2.489624500274658,
        -0.01062081940472126,
        -2.5800764560699463,
        -0.9932209849357605,
        1.7192494869232178,
        -1.3295543193817139
    ],
    "right_hand_pose": [
        -2.5811831951141357,
        1.414896011352539,
        0.27406713366508484,
        -3.681290626525879,
        -0.06342031806707382,
        -0.7462300658226013,
        2.3634841442108154,
        0.04097084328532219,
        -3.45349383354187,
        -1.1482701301574707,
        1.4028501510620117,
        -1.8542559146881104
    ],
    "jaw_pose": [
        -0.021319884806871414,
        0.029987933114171028,
        -0.022478515282273293
    ],
    "leye_pose": [
        -0.09888041764497757,
        -0.269600510597229,
        0.47992485761642456
    ],
    "reye_pose": [
        0.00531901465728879,
        -0.43698549270629883,
        -0.28672441840171814
    ],
    "expression": [
        0.5355139374732971,
        -0.8665662407875061,
        -0.07749594002962112,
        0.8213997483253479,
        -0.6044651865959167,
        -0.7373688817024231,
        -0.057049255818128586,
        0.2940784990787506,
        -0.3011435568332672,
        0.3053117096424103
    ]
}