{
    "betas": [
        0.5128867626190186,
        -0.317421555519104,
        -0.06294696033000946,
        -0.24473053216934204,
        0.1384069323539734,
        -0.04188147932291031,
        0.3759293556213379,
        -0.4992941915988922,
        -0.1896388828754425,
        -0.29160600900650024
    ],
    "global_orient": [
        -0.1312662661075592,
        -0.9923363924026489,
        -0.02003508433699608
    ],
    "body_pose": [
        -0.2506091892719269,
        0.19380278885364532,
        0.08683574199676514,
        -0.031143786385655403,
        0.4062834084033966,
        -0.016398677602410316,
        -0.017251571640372276,
        -0.14452548325061798,
        0.07792476564645767,
        0.5259482264518738,
        -0.06083494424819946,
        0.016367606818675995,
        0.4751330018043518,
        0.14122392237186432,
        -0.10610591620206833,
        0.0503423810005188,
        -0.12169332802295685,
        0.11060372740030289,
        -0.06715208292007446,
        0.07074926793575287,
        1.5836719740036642e-06,
        -0.3109857439994812,
        0.04971829429268837,
        -1.5281647165465984e-06,
        0.059696245938539505,
        -0.10117052495479584,
        0.18531517684459686,
        2.5179913336614845e-06,
        6.255025368773204e-07,
        2.7431899525254266e-06,
        1.1061828217862057e-06,
        1.99400301426067e-06,
        2.5124545572907664e-06,
        0.33444929122924805,
        0.019570836797356606,
        -0.02252022735774517,
        -0.21886783838272095,
        -0.09413950890302658,
        0.15601950883865356,
        -0.16487321257591248,
        0.16090451180934906,
        0.24368587136268616,
        0.04062395542860031,
        -0.169560506939888,
        0.03899300843477249,
        -0.11288677901029587,
        -0.42767447233200073,
        0.2551877200603485,
        -0.42407849431037903,
        -0.017312828451395035,
        0.5704208016395569,
        -0.5786259174346924,
        -1.0680816173553467,
        0.556047797203064,
        -0.6119251251220703,
        0.20532135665416718,
        0.08707436919212341,
        -0.9501181244850159,
        -0.2942654490470886,
        -0.17844094336032867,
        -1.0590577125549316,
        0.11675122380256653,
        0.16880536079406738
    ],
    "transl": [
        0.08090520650148392,
        1.5667940378189087,
        0.07638050615787506
    ],
    "left_hand_pose": [
        -0.2182307243347168,
        0.3177476227283478,
        -0.026254156604409218,
        -0.5227701663970947,
        0.677909255027771,
        0.7592554092407227,
        -0.6836516857147217,
        -0.6378905773162842,
        -0.4920845031738281,
        -0.5729960203170776,
        -1.0804258584976196,
        -0.022287441417574883
    ],
    "right_hand_pose": [
        -0.3376930058002472,
        0.30387628078460693,
        -0.08166781812906265,
        -0.8063616156578064,
        0.42066195607185364,
        0.378757119178772,
        0.44941946864128113,
        -0.3375437259674072,
        0.852231502532959,
        -0.3707752823829651,
        -0.15772588551044464,
        -0.6579766273498535
    ],
    "jaw_pose": [
        -0.010977508500218391,
        0.03233509883284569,
        -0.04366754740476608
    ],
    "leye_pose": [
        -0.04708550497889519,
        -0.4956476390361786,
        -0.08561903238296509
    ],
    "reye_pose": [
        -0.13796909153461456,
        -0.5200012922286987,
        -0.13205541670322418
    ],
    "expression": [
        0.5061495304107666,
        -0.6480165123939514,
        -0.38670557737350464,
        0.4842734634876251,
        -0.5007234215736389,
        -0.4985114634037018,
        -0.07111873477697372,
        0.4626423120498657,
        -0.381464421749115,
        0.3519768714904785
    ]
}