{
    "betas": [
        0.5171114802360535,
        0.4529286026954651,
        0.382051944732666,
        -0.07043693959712982,
        0.012319784611463547,
        -0.08744439482688904,
        0.05340315029025078,
        -0.11860257387161255,
        0.08258210122585297,
        -0.19972681999206543
    ],
    "global_orient": [
        -0.1796925961971283,
        -0.48097336292266846,
        0.162950336933136
    ],
    "body_pose": [
        -0.4374004006385803,
        0.19585968554019928,
        0.264493465423584,
        0.031104693189263344,
        0.08734879642724991,
        -0.23173286020755768,
        0.15631218254566193,
        0.06028342992067337,
        -0.07639145851135254,
        1.0789512395858765,
        0.06565804779529572,
        -0.2197715938091278,
        0.22644591331481934,
        -0.062799833714962,
        0.13985352218151093,
        0.11308587342500687,
        0.05676531419157982,
        -0.0757272019982338,
        -0.04399727284908295,
        0.2016008049249649,
        1.171628198903818e-07,
        -0.11197726428508759,
        -0.04403648152947426,
        -4.869856979894394e-07,
        0.09017559140920639,
        0.08498057723045349,
        -0.028225738555192947,
        -5.866090191375406e-07,
        3.957478043048468e-07,
        6.045881946192821e-07,
        -5.49351398149156e-07,
        -9.5233779973114e-08,
        8.086876732704695e-07,
        0.04154573008418083,
        0.023639364168047905,
        0.05428803339600563,
        0.050734736025333405,
        -0.15746602416038513,
        -0.09012465178966522,
        0.00482917670160532,
        0.1924605369567871,
        0.17518489062786102,
        0.14882756769657135,
        -0.030590731650590897,
        -0.1528124064207077,
        0.020882638171315193,
        -0.29720765352249146,
        -0.5854398012161255,
        0.008457603864371777,
        0.37441739439964294,
        0.43717554211616516,
        0.10779275745153427,
        -0.21087931096553802,
        -0.23883071541786194,
        0.06446864455938339,
        0.27502015233039856,
        0.312455415725708,
        0.12456761300563812,
        0.46889427304267883,
        -0.575781524181366,
        -0.05000697821378708,
        -0.42839834094047546,
        0.668030858039856
    ],
    "transl": [
        -0.07018568366765976,
        1.612518548965454,
        -0.08552899211645126
    ],
    "left_hand_pose": [
        -0.3819678723812103,
        -0.07868420332670212,
        0.45483386516571045,
        -0.2653585970401764,
        0.12692178785800934,
        0.17984417080879211,
        0.8643891215324402,
        -0.8556945323944092,
        0.6470939517021179,
        -0.7227203249931335,
        1.1900099515914917,
        -1.788501501083374
    ],
    "right_hand_pose": [
        -0.505214273929596,
        0.8976476192474365,
        0.7120057940483093,
        -0.8699910044670105,
        0.8210042715072632,
        0.2827298939228058,
        1.5956361293792725,
        -1.1628913879394531,
        -0.8771819472312927,
        -1.5662647485733032,
        0.4519886374473572,
        -1.8587472438812256
    ],
    "jaw_pose": [
        0.016592606902122498,
        -0.004923902451992035,
        -0.041387058794498444
    ],
    "leye_pose": [
        -0.33833298087120056,
        -0.1261502206325531,
        0.23522228002548218
    ],
    "reye_pose": [
        -0.28594839572906494,
        -0.25513461232185364,
        -0.12541575729846954
    ],
    "expression": [
        0.27991044521331787,
        -1.2636641263961792,
        0.03855270892381668,
        0.5664970278739929,
        -0.2884284257888794,
        -0.49105164408683777,
        -0.059484515339136124,
        0.2359645515680313,
        -0.38055673241615295,
        0.21284367144107819
    ]
}