{
    "betas": [
        1.4537312984466553,
        -1.2299455404281616,
        -0.5988451838493347,
        -0.23991283774375916,
        0.08104728162288666,
        0.09816594421863556,
        0.07141674309968948,
        -0.14203223586082458,
        -0.06820014119148254,
        -0.31834876537323
    ],
    "global_orient": [
        0.05653276666998863,
        -2.8082404136657715,
        0.11647962033748627
    ],
    "body_pose": [
        0.14949247241020203,
        -0.11055837571620941,
        0.07156108319759369,
        -0.5405436158180237,
        -0.13777297735214233,
        -0.04516269639134407,
        0.18101711571216583,
        -0.056028321385383606,
        0.09742286801338196,
        0.11960012465715408,
        -0.009594821371138096,
        7.636847294634208e-05,
        0.4293047785758972,
        0.014640667475759983,
        0.006971545983105898,
        -0.04379158467054367,
        -0.0030904323793947697,
        0.006877490784972906,
        -0.12927162647247314,
        0.05677521228790283,
        -1.064635625880328e-06,
        0.1458669751882553,
        0.021517764776945114,
        -5.982212769595208e-07,
        -0.06255966424942017,
        -0.05530356615781784,
        -0.004592023324221373,
        3.7785406448165304e-07,
        -1.9590085287291004e-07,
        -1.3533058051962144e-07,
        -4.95561835123226e-07,
        3.4541795912446105e-07,
        9.895157973005553e-07,
        0.17247313261032104,
        0.004631768446415663,
        0.07160558551549911,
        0.1949232518672943,
        0.20055828988552094,
        -0.015275975689291954,
        -0.19459515810012817,
        0.12640468776226044,
        -0.10372275114059448,
        -0.08722810447216034,
        -0.036040596663951874,
        -0.04625444859266281,
        0.22822219133377075,
        0.08542793244123459,
        -0.7812250256538391,
        -0.07940676808357239,
        0.4514428675174713,
        0.33747994899749756,
        0.2779645025730133,
        -0.375163197517395,
        -0.24497993290424347,
        -0.1999041587114334,
        1.2398242950439453,
        -0.8732086420059204,
        0.3788639307022095,
        0.024036278948187828,
        -0.08620971441268921,
        -0.5583884716033936,
        -0.13510490953922272,
        -0.35746681690216064
    ],
    "transl": [
        -0.13896432518959045,
        1.5468251705169678,
        0.149137943983078
    ],
    "left_hand_pose": [
        -0.013419672846794128,
        0.17360840737819672,
        -0.180938258767128,
        -0.34456267952919006,
        0.6340082287788391,
        0.29220402240753174,
        -0.21391166746616364,
        -0.8404480814933777,
        0.10235808789730072,
        -0.6093305945396423,
        0.3294491469860077,
        -0.9498055577278137
    ],
    "right_hand_pose": [
        0.14056725800037384,
        0.0670715942978859,
        0.3685009181499481,
        -0.6394715309143066,
        1.1368067264556885,
        0.31978586316108704,
        0.43985724449157715,
        -0.8066318035125732,
        -0.5930355787277222,
        -0.6379246115684509,
        1.1308646202087402,
        -0.8031015992164612
    ],
    "jaw_pose": [
        -0.009478574618697166,
        0.01808045245707035,
        -0.011384849436581135
    ],
    "leye_pose": [
        -0.13941362500190735,
        -0.11159540712833405,
        0.11984869092702866
    ],
    "reye_pose": [
        0.23791120946407318,
        -0.28600913286209106,
        -0.17079906165599823
    ],
    "expression": [
        1.074453353881836,
        -0.33262938261032104,
        -0.461556613445282,
        0.5229200720787048,
        -0.5636054873466492,
        0.16013982892036438,
        -0.20373791456222534,
        0.10530319064855576,
        -0.23762454092502594,
        0.2942487597465515
    ]
}