{
    "betas": [
        1.907141089439392,
        -0.6743558645248413,
        0.14189234375953674,
        -0.144086092710495,
        0.10517618060112,
        -0.11290811747312546,
        -0.0019768020138144493,
        0.0323854498565197,
        -0.08163370937108994,
        -0.3518450856208801
    ],
    "global_orient": [
        0.03792787343263626,
        0.03376384824514389,
        -0.23959308862686157
    ],
    "body_pose": [
        -0.20581012964248657,
        -0.0378699004650116,
        0.1963498890399933,
        -0.10151989012956619,
        0.06531223654747009,
        -0.08225752413272858,
        0.08532591164112091,
        -0.025199642404913902,
        -0.07308397442102432,
        0.3201309144496918,
        0.0014079526299610734,
        0.04207146167755127,
        0.345058411359787,
        0.012709347531199455,
        0.04309440776705742,
        -0.04838622361421585,
        0.040366314351558685,
        -0.014592236839234829,
        -0.012798630632460117,
        0.03340720012784004,
        1.7125387330452213e-07,
        0.37280595302581787,
        0.06683947145938873,
        2.086590939143207e-06,
        -0.13075891137123108,
        0.024075446650385857,
        0.0038622186984866858,
        -7.944549338390061e-07,
        -5.195641392674588e-07,
        7.082370245825587e-08,
        -2.141165396096767e-06,
        1.2938836562170764e-06,
        1.3403471257333877e-06,
        0.19164343178272247,
        -0.03616207093000412,
        0.02316737174987793,
        -0.21659378707408905,
        0.10883506387472153,
        0.291063129901886,
        -0.15935346484184265,
        -0.20779214799404144,
        -0.2262732982635498,
        -0.1472618132829666,
        -0.1071041002869606,
        0.10448535531759262,
        -0.11418313533067703,
        -0.39421358704566956,
        -0.29026350378990173,
        -0.12753620743751526,
        -0.02845681458711624,
        0.47895923256874084,
        -0.44496461749076843,
        -1.1443040370941162,
        0.8019427061080933,
        -0.388883501291275,
        1.3091650009155273,
        -0.6436963677406311,
        -0.959189236164093,
        -0.31170544028282166,
        -0.6152569055557251,
        -0.8585138916969299,
        0.20298174023628235,
        0.7851863503456116
    ],
    "transl": [
        0.1821700632572174,
        1.5400676727294922,
        -0.008254808373749256
    ],
    "left_hand_pose": [
        -0.17958761751651764,
        0.427227258682251,
        0.18853189051151276,
        -0.712815523147583,
        1.3134493827819824,
        1.4222180843353271,
        0.19752483069896698,
        -1.2783830165863037,
        0.45499974489212036,
        -0.39944806694984436,
        0.7582272887229919,
        0.3400660455226898
    ],
    "right_hand_pose": [
        -0.5557712316513062,
        0.012475013732910156,
        -0.24898089468479156,
        -1.4218254089355469,
        1.8411062955856323,
        1.0237572193145752,
        0.2407274693250656,
        -0.9348729252815247,
        0.5881273150444031,
        -0.1263122260570526,
        1.691433072090149,
        0.22369959950447083
    ],
    "jaw_pose": [
        0.09915316104888916,
        0.0007444251095876098,
        0.032433390617370605
    ],
    "leye_pose": [
        -0.43789228796958923,
        0.26885414123535156,
        0.29630425572395325
    ],
    "reye_pose": [
        -0.179644376039505,
        -0.05583539605140686,
        -0.39910611510276794
    ],
    "expression": [
        0.9412038326263428,
        -0.7705808281898499,
        1.2551207542419434,
        -0.03547118976712227,
        -0.40129703283309937,
        -0.29264432191848755,
        0.1456957459449768,
        0.3736313581466675,
        0.17810410261154175,
        0.004076299723237753
    ]
}