{
    "betas": [
        -0.09725524485111237,
        -0.5752990245819092,
        0.06604448705911636,
        -0.20011402666568756,
        0.1475522369146347,
        -0.2093459814786911,
        0.006513627246022224,
        0.09067820757627487,
        -0.08996868878602982,
        -0.2825188636779785
    ],
    "global_orient": [
        -0.0510520339012146,
        1.112683653831482,
        0.012715738266706467
    ],
    "body_pose": [
        -0.4280388057231903,
        0.0031980671919882298,
        0.26177600026130676,
        -0.5159550905227661,
        0.022824876010417938,
        -0.18236255645751953,
        0.31011107563972473,
        -0.02023133635520935,
        0.015666212886571884,
        0.8008872866630554,
        0.07957115769386292,
        -0.2328072488307953,
        0.8839335441589355,
        -0.03507891669869423,
        0.19853748381137848,
        0.06629770994186401,
        -0.006919449660927057,
        -0.08355454355478287,
        -0.08314156532287598,
        0.3089931011199951,
        -1.3170836155040888e-06,
        -0.06348267197608948,
        -0.19351212680339813,
        1.0179313676417223e-06,
        0.06231916323304176,
        -0.03884189575910568,
        -0.025045286864042282,
        -5.1619458929508255e-08,
        1.7456399348247942e-07,
        -2.8978848831684445e-07,
        -1.5651362446078565e-06,
        9.823170055156538e-10,
        6.452389129663061e-07,
        -0.19164982438087463,
        0.08613383769989014,
        0.09587695449590683,
        -0.0481126569211483,
        -0.08313299715518951,
        0.0339866541326046,
        -0.06493877619504929,
        0.1624566614627838,
        0.012736762873828411,
        0.07346560806035995,
        -0.03967113047838211,
        0.06297948956489563,
        -0.015569427981972694,
        -0.19649635255336761,
        -0.5552709698677063,
        -0.07253457605838776,
        0.2774738073348999,
        0.6351433396339417,
        -0.09990837424993515,
        -0.9894930124282837,
        0.7347318530082703,
        0.04631679877638817,
        1.0875861644744873,
        -0.5858216285705566,
        0.09433624893426895,
        -0.3133356273174286,
        0.3901253342628479,
        0.23744098842144012,
        0.1832168698310852,
        -0.4088008999824524
    ],
    "transl": [
        -0.2942703664302826,
        1.5780965089797974,
        -0.0836443156003952
    ],
    "left_hand_pose": [
        -2.979400873184204,
        1.3423032760620117,
        -0.4727293848991394,
        -3.4926044940948486,
        0.7097917795181274,
        1.370025873184204,
        0.7210508584976196,
        -0.6470757722854614,
        -0.7246505618095398,
        -0.9210052490234375,
        1.7150484323501587,
        -2.4745285511016846
    ],
    "right_hand_pose": [
        -3.013885974884033,
        1.4272795915603638,
        -0.4671783447265625,
        -3.786785364151001,
        0.18084251880645752,
        0.7672650814056396,
        1.1131401062011719,
        0.08472393453121185,
        -0.3165137767791748,
        -0.3398107886314392,
        2.8818790912628174,
        -1.809680700302124
    ],
    "jaw_pose": [
        0.00041073941974900663,
        -0.023386506363749504,
        0.041937291622161865
    ],
    "leye_pose": [
        -0.14811910688877106,
        0.3215920627117157,
        0.11706982553005219
    ],
    "reye_pose": [
        -0.2946055829524994,
        0.23462611436843872,
        -0.46387994289398193
    ],
    "expression": [
        1.5096386671066284,
        -0.669472336769104,
        -0.6385532021522522,
        0.5059556365013123,
        -0.4015829861164093,
        -0.4981025159358978,
        -0.20618808269500732,
        0.4852912724018097,
        -0.06306006759405136,
        0.2783079445362091
    ]
}