{
    "betas": [
        1.8483679294586182,
        -1.0675632953643799,
        -0.8158532381057739,
        -0.21859458088874817,
        0.14692163467407227,
        0.08661520481109619,
        0.013751745223999023,
        -0.044021058827638626,
        -0.03695392236113548,
        -0.3674142360687256
    ],
    "global_orient": [
        0.13949601352214813,
        -0.34854137897491455,
        -0.01065161731094122
    ],
    "body_pose": [
        -0.045397620648145676,
        -0.04111557826399803,
        0.07409081608057022,
        -0.08057139068841934,
        0.1188780888915062,
        -0.03566557541489601,
        0.01754624769091606,
        -0.013347056694328785,
        -0.032472070306539536,
        -0.16202910244464874,
        -0.024120407178997993,
        0.0886140763759613,
        -0.09780269116163254,
        -0.0777842253446579,
        -0.09147049486637115,
        -0.015157097019255161,
        -0.004115687683224678,
        0.10851895064115524,
        -0.04593096300959587,
        0.0033276851754635572,
        1.5253249330271501e-06,
        -0.017186274752020836,
        -0.022881947457790375,
        -9.769954658622737e-07,
        -0.5018146634101868,
        0.056412599980831146,
        -0.020648788660764694,
        1.6544688605790725e-06,
        -2.2978112212967972e-07,
        -4.1075787748923176e-07,
        9.717683724375092e-08,
        3.6269213410378143e-07,
        9.848853324001539e-07,
        0.5503365397453308,
        0.017455382272601128,
        -0.04597895219922066,
        -0.13899843394756317,
        -0.11834026873111725,
        0.2975230813026428,
        0.033768728375434875,
        0.09427503496408463,
        -0.3798640966415405,
        -0.07195314764976501,
        0.015420767478644848,
        0.021361416205763817,
        -0.4831514358520508,
        0.19957871735095978,
        -0.22329019010066986,
        -0.4248656928539276,
        -0.2634366750717163,
        0.28598129749298096,
        -0.35124683380126953,
        0.04469223693013191,
        0.07917199283838272,
        -0.31497323513031006,
        -0.04896625876426697,
        -0.11090599000453949,
        -0.3921608030796051,
        0.046508196741342545,
        -0.0816316306591034,
        -0.42583906650543213,
        -0.02922986075282097,
        0.01208097767084837
    ],
    "transl": [
        0.0012340625980868936,
        1.5136069059371948,
        -0.006595531944185495
    ],
    "left_hand_pose": [
        -0.033741362392902374,
        -0.19592691957950592,
        0.047097720205783844,
        -0.392463356256485,
        1.350521206855774,
        0.4556832015514374,
        -0.60587078332901,
        -0.7948182821273804,
        -0.2139335572719574,
        -0.8718098998069763,
        -0.4481714367866516,
        -1.657657265663147
    ],
    "right_hand_pose": [
        0.10831449180841446,
        -0.3305681645870209,
        0.4241505563259125,
        0.1330854445695877,
        0.7110757827758789,
        0.10538940876722336,
        -0.31219029426574707,
        -0.30189281702041626,
        -0.0649113580584526,
        -0.33385196328163147,
        0.1571354866027832,
        -1.5612114667892456
    ],
    "jaw_pose": [
        -0.04291562736034393,
        0.006933445110917091,
        -0.03381507471203804
    ],
    "leye_pose": [
        0.5805078744888306,
        -0.14237432181835175,
        -0.4466080367565155
    ],
    "reye_pose": [
        0.424052357673645,
        -0.4630727171897888,
        0.35704559087753296
    ],
    "expression": [
        0.6237601637840271,
        -0.4588267207145691,
        -0.6141981482505798,
        0.6212056279182434,
        -0.6137264966964722,
        -0.18328024446964264,
        -0.19526350498199463,
        0.29957595467567444,
        -0.15672367811203003,
        0.520939290523529
    ]
}