{
    "betas": [
        0.10761286318302155,
        0.5002301335334778,
        0.5645369291305542,
        -0.12211838364601135,
        0.03075764700770378,
        -0.2321988344192505,
        0.020531637594103813,
        0.06841782480478287,
        0.186209037899971,
        -0.1982685774564743
    ],
    "global_orient": [
        0.04370379447937012,
        -0.4136655628681183,
        -0.013771455734968185
    ],
    "body_pose": [
        -0.03047598898410797,
        0.12354709953069687,
        0.0783158391714096,
        -0.034415990114212036,
        -0.1260063499212265,
        -0.04330329969525337,
        -0.03071797452867031,
        0.04053303226828575,
        0.007894785143435001,
        -0.08286996930837631,
        0.07072221487760544,
        0.051991164684295654,
        -0.0752001404762268,
        -0.05422072857618332,
        -0.011486929841339588,
        0.014877824112772942,
        0.019055549055337906,
        -0.02186153456568718,
        0.08187806606292725,
        0.08633972704410553,
        -3.963207291235449e-07,
        -0.016727089881896973,
        -0.06789164245128632,
        6.56228905882017e-07,
        0.002271302742883563,
        0.015305730514228344,
        0.019663847982883453,
        5.38135225269798e-07,
        1.5914062601041223e-07,
        -6.591371288777736e-07,
        -2.1035589270468336e-07,
        -3.979935740971996e-07,
        2.6209238512819866e-07,
        0.037275251001119614,
        0.0719928964972496,
        0.018551846966147423,
        -0.0317106656730175,
        -0.025852050632238388,
        -0.09140904247760773,
        -0.0367385670542717,
        0.0874403566122055,
        0.11159210652112961,
        -0.02010691724717617,
        0.003961713518947363,
        -0.09525047242641449,
        -0.04891487956047058,
        -0.1710105538368225,
        -0.9435931444168091,
        -0.05456194281578064,
        0.10044035315513611,
        0.973865270614624,
        0.061449382454156876,
        -0.17607514560222626,
        -0.13399718701839447,
        -0.016320552676916122,
        0.18316884338855743,
        0.120081827044487,
        -0.0951179713010788,
        0.05084920674562454,
        -0.10482120513916016,
        -0.11629052460193634,
        -0.19046764075756073,
        0.047711145132780075
    ],
    "transl": [
        -0.07567095756530762,
        1.620805263519287,
        -0.04786722734570503
    ],
    "left_hand_pose": [
        -0.06668369472026825,
        0.023235447704792023,
        -0.1028243824839592,
        -0.26965582370758057,
        0.3934081494808197,
        0.44518980383872986,
        -0.19332964718341827,
        -0.4734492599964142,
        -0.5311561822891235,
        -0.5026130080223083,
        -0.13096097111701965,
        -0.9256220459938049
    ],
    "right_hand_pose": [
        -0.02648252435028553,
        0.03240254893898964,
        -0.23513163626194,
        -0.3421441614627838,
        0.3480902910232544,
        0.2793489694595337,
        0.3694736361503601,
        -0.2962154150009155,
        -1.252310037612915,
        -0.6647441387176514,
        0.04869195446372032,
        -0.08644957840442657
    ],
    "jaw_pose": [
        0.0005837194039486349,
        0.009257929399609566,
        -0.016728296875953674
    ],
    "leye_pose": [
        -0.17685432732105255,
        0.08399268239736557,
        0.1839509755373001
    ],
    "reye_pose": [
        -0.39472031593322754,
        -0.40676894783973694,
        0.37654247879981995
    ],
    "expression": [
        0.6420040130615234,
        -0.6918599009513855,
        -0.15001878142356873,
        0.35776740312576294,
        -0.37580105662345886,
        -0.18227560818195343,
        -0.1570281684398651,
        -0.04283209517598152,
        -0.21712948381900787,
        0.12238285690546036
    ]
}