{
    "betas": [
        1.5271897315979004,
        -0.5559291243553162,
        0.3394683003425598,
        -0.03127764165401459,
        0.24387729167938232,
        -0.36356744170188904,
        0.3939739465713501,
        0.02418237179517746,
        -0.07802319526672363,
        -0.22460928559303284
    ],
    "global_orient": [
        -0.14174996316432953,
        -0.2826738953590393,
        0.26592734456062317
    ],
    "body_pose": [
        -0.9203563928604126,
        0.31381678581237793,
        0.47451749444007874,
        0.01230259332805872,
        0.09013001620769501,
        -0.2708572745323181,
        0.3513580858707428,
        0.09022760391235352,
        -0.2179669886827469,
        1.7526756525039673,
        0.13424165546894073,
        -0.5677976012229919,
        0.1453220546245575,
        -0.11751852184534073,
        0.06312612444162369,
        -0.12456674128770828,
        0.08519668132066727,
        -0.0037627366837114096,
        0.11287231743335724,
        0.2634636461734772,
        5.237534423940815e-07,
        0.022533779963850975,
        -0.22990792989730835,
        1.1165600426465971e-06,
        -0.04449153691530228,
        -0.0848652571439743,
        0.055676911026239395,
        -1.0663225111784413e-06,
        -7.104311805505859e-08,
        8.056198339545517e-07,
        -1.3232510127636488e-06,
        5.90364024333212e-08,
        1.3754582823821693e-06,
        0.3084601163864136,
        -0.20236705243587494,
        0.06754804402589798,
        0.014544240199029446,
        0.2825466990470886,
        0.353719025850296,
        0.04901454597711563,
        -0.15399940311908722,
        -0.14787693321704865,
        0.20823657512664795,
        -0.3239552080631256,
        -0.00660037761554122,
        0.09839440882205963,
        -0.19687679409980774,
        0.05752452090382576,
        0.06481469422578812,
        -0.05568476766347885,
        0.4967253506183624,
        -0.3169936239719391,
        -1.4710420370101929,
        0.8301095962524414,
        -0.04016970843076706,
        0.6308889389038086,
        -0.018416520208120346,
        -0.625696063041687,
        -0.5119913220405579,
        -0.09564142674207687,
        0.06673184037208557,
        -0.0870864987373352,
        0.11666933447122574
    ],
    "transl": [
        -0.06954597681760788,
        1.5668294429779053,
        -0.1340523660182953
    ],
    "left_hand_pose": [
        -2.7157857418060303,
        1.807883381843567,
        -0.25931626558303833,
        -3.462301254272461,
        0.8267499804496765,
        0.8824800252914429,
        1.0577290058135986,
        -0.7940002083778381,
        -2.446181058883667,
        -1.8787810802459717,
        0.37497833371162415,
        -2.8698055744171143
    ],
    "right_hand_pose": [
        -2.787776470184326,
        1.4743332862854004,
        -0.16713255643844604,
        -2.8375985622406006,
        0.10165519267320633,
        0.2483583390712738,
        1.4764156341552734,
        -0.009965905919671059,
        -1.2446235418319702,
        -0.41285082697868347,
        2.18080997467041,
        -1.2080168724060059
    ],
    "jaw_pose": [
        0.030206162482500076,
        0.021149469539523125,
        -0.02609170600771904
    ],
    "leye_pose": [
        -0.24548523128032684,
        -0.14824336767196655,
        0.13440455496311188
    ],
    "reye_pose": [
        -0.3793492615222931,
        -0.5780686140060425,
        0.4096006453037262
    ],
    "expression": [
        0.47266507148742676,
        -1.0695523023605347,
        -0.4830493927001953,
        -0.037742096930742264,
        -0.3951387107372284,
        -0.31049618124961853,
        -0.000240760127780959,
        0.054497718811035156,
        -0.018815618008375168,
        0.39420899748802185
    ]
}